stateProvAsciiName,twoCharCountryCode
Sant Julia de Loria,AD
Ordino,AD
Escaldes-Engordany,AD
La Massana,AD
Encamp,AD
Canillo,AD
Andorra la Vella,AD
Imarat Umm al Qaywayn,AE
Imarat Ra's al Khaymah,AE
Abu Dhabi,AE
Ajman,AE
Sharjah,AE
Dubai,AE
Fujairah,AE
Herat,AF
Sar-e Pol,AF
Paktika,AF
Nimroz,AF
Takhar,AF
Bamyan,AF
Oruzgan,AF
Kapisa,AF
Jowzjan,AF
Ghowr,AF
Helmand,AF
Samangan,AF
Balkh,AF
Kunduz,AF
Badghis,AF
Zabul,AF
Nuristan,AF
Baghlan,AF
Logar,AF
Kabul,AF
Daykundi,AF
Faryab,AF
Laghman,AF
Khowst,AF
Badakhshan,AF
Kandahar,AF
Nangarhar,AF
Parwan,AF
Ghazni,AF
Paktia,AF
Farah,AF
Kunar,AF
Panjshir,AF
Vardak,AF
Saint John,AG
Saint George,AG
Saint Peter,AG
Saint Paul,AG
Barbuda,AG
Saint Mary,AG
West End,AI
The Valley,AI
The Quarter,AI
The Farrington,AI
Stoney Ground,AI
South Hill,AI
Sandy Ground,AI
North Side,AI
North Hill,AI
Island Harbour,AI
George Hill,AI
East End,AI
Blowing Point,AI
Sandy Hill,AI
Vlore,AL
Gjirokaster,AL
Berat,AL
Korce,AL
Diber,AL
Kukes,AL
Elbasan,AL
Tirana,AL
Shkoder,AL
Durres,AL
Lezhe,AL
Fier,AL
Vayots Dzor,AM
Ararat,AM
Syunik,AM
Yerevan,AM
Armavir,AM
Kotayk,AM
Gegharkunik,AM
Lori,AM
Tavush,AM
Shirak,AM
Aragatsotn,AM
Lunda Sul,AO
Luanda Norte,AO
Moxico,AO
Uige,AO
Zaire,AO
Cuanza Norte,AO
Malanje,AO
Luanda,AO
Bengo,AO
Cabinda,AO
Kwanza Sul,AO
Cunene,AO
Namibe,AO
Cuando Cobango,AO
Huila,AO
Huambo,AO
Benguela,AO
Bie,AO
Buenos Aires,AR
Misiones,AR
Buenos Aires F.D.,AR
Santa Fe,AR
Entre Rios,AR
Corrientes,AR
Chaco,AR
Formosa,AR
Neuquen,AR
Jujuy,AR
Tucuman,AR
Santa Cruz,AR
Rio Negro,AR
San Juan,AR
Santiago del Estero,AR
Cordoba,AR
La Pampa,AR
Tierra del Fuego,AR
Chubut,AR
Catamarca,AR
San Luis,AR
Salta,AR
Mendoza,AR
La Rioja,AR
Swains Island,AS
Manu'a,AS
Western District,AS
Eastern District,AS
Lower Austria,AT
Tyrol,AT
Salzburg,AT
Vorarlberg,AT
Carinthia,AT
Upper Austria,AT
Vienna,AT
Styria,AT
Burgenland,AT
Western Australia,AU
South Australia,AU
Queensland,AU
Northern Territory,AU
New South Wales,AU
Victoria,AU
Tasmania,AU
Australian Capital Territory,AU
,AW
Mariehamns stad,AX
Nakhichevan,AZ
Jalilabad,AZ
Zangilan Rayon,AZ
Yardimli,AZ
Khojavend,AZ
Xankandi Sahari,AZ
Saatli,AZ
Shusha,AZ
Salyan,AZ
Qubadli,AZ
Neftcala,AZ
Masally,AZ
Lerik,AZ
Lankaran,AZ
Lacin,AZ
Xocali,AZ
Sabirabad,AZ
Imisli,AZ
Fuezuli,AZ
Jabrayil,AZ
Beylaqan,AZ
Bilasuvar Rayon,AZ
Astara,AZ
Shirvan,AZ
Agdam,AZ
Aghjabadi Rayon,AZ
Baki,AZ
Zardab,AZ
Zaqatala,AZ
Yevlax City,AZ
Xacmaz,AZ
Goygol Rayon,AZ
Ucar,AZ
Tovuz,AZ
Tartar Rayon,AZ
Sumqayit,AZ
Siazan Rayon,AZ
Abseron,AZ
Shamkir Rayon,AZ
Samaxi,AZ
Shaki City,AZ
Samux,AZ
Qusar,AZ
Quba,AZ
Haciqabul,AZ
Qazax,AZ
Qax,AZ
Qabala Rayon,AZ
Oguz,AZ
Naftalan,AZ
Mingacevir City,AZ
Qobustan,AZ
Goranboy,AZ
Kurdamir Rayon,AZ
Xizi,AZ
Kalbajar,AZ
Ismayilli,AZ
Goeycay,AZ
Ganja City,AZ
Gadabay Rayon,AZ
Shabran,AZ
Dashkasan Rayon,AZ
Barda,AZ
Balakan Rayon,AZ
Agsu,AZ
Agstafa,AZ
Agdas,AZ
Yevlax,AZ
Srpska,BA
Federation of B&H,BA
Brcko,BA
Saint Thomas,BB
Saint Philip,BB
Saint Peter,BB
Christ Church,BB
Saint James,BB
Saint Andrew,BB
Saint John,BB
Saint Lucy,BB
Saint Michael,BB
Saint Joseph,BB
Rangpur Division,BD
Chittagong,BD
Dhaka,BD
Sylhet,BD
Mymensingh Division,BD
Rajshahi Division,BD
Khulna,BD
Barisal,BD
Flanders,BE
Wallonia,BE
Brussels Capital,BE
Plateau-Central,BF
Nord,BF
Boucle du Mouhoun,BF
Centre-Est,BF
Centre-Ouest,BF
Centre-Sud,BF
Est,BF
Centre,BF
Centre-Nord,BF
Hauts-Bassins,BF
Sahel,BF
Sud-Ouest,BF
Cascades,BF
Varna,BG
Smolyan,BG
Sofia,BG
Yambol,BG
Blagoevgrad,BG
Montana,BG
Vratsa,BG
Vidin,BG
Ruse,BG
Pazardzhik,BG
Veliko Tarnovo,BG
Sliven,BG
Silistra,BG
Targovishte,BG
Gabrovo,BG
Lovech,BG
Haskovo,BG
Dobrich,BG
Plovdiv,BG
Stara Zagora,BG
Kyustendil,BG
Sofia-Capital,BG
Shumen,BG
Razgrad,BG
Pernik,BG
Burgas,BG
Pleven,BG
Kardzhali,BG
Manama,BH
Southern Governorate,BH
Northern,BH
Muharraq,BH
Makamba,BI
Bururi,BI
Rumonge,BI
Mwaro,BI
Bujumbura Rural,BI
Bujumbura Mairie,BI
Muramvya,BI
Gitega,BI
Ruyigi,BI
Cankuzo,BI
Karuzi,BI
Bubanza,BI
Cibitoke,BI
Ngozi,BI
Kayanza,BI
Muyinga,BI
Kirundo,BI
Rutana,BI
Borgou,BJ
Atakora,BJ
Collines,BJ
Plateau,BJ
Oueme,BJ
Atlantique,BJ
Alibori,BJ
Mono,BJ
Kouffo,BJ
Donga,BJ
Zou,BJ
Littoral,BJ
,BL
Hamilton city,BM
Tutong,BN
Belait,BN
Temburong,BN
Brunei-Muara District,BN
Santa Cruz,BO
Tarija,BO
Cochabamba,BO
Potosi,BO
La Paz,BO
El Beni,BO
Chuquisaca,BO
Oruro,BO
Pando,BO
Saba,BQ
Sint Eustatius,BQ
Bonaire,BQ
Maranhao,BR
Pernambuco,BR
Para,BR
Paraiba,BR
Ceara,BR
Alagoas,BR
Piaui,BR
Amazonas,BR
Rio Grande do Norte,BR
Bahia,BR
Amapa,BR
Sergipe,BR
Tocantins,BR
Sao Paulo,BR
Santa Catarina,BR
Rio de Janeiro,BR
Espirito Santo,BR
Minas Gerais,BR
Goias,BR
Rio Grande do Sul,BR
Parana,BR
Mato Grosso,BR
Mato Grosso do Sul,BR
Federal District,BR
Acre,BR
Rondonia,BR
Roraima,BR
West Grand Bahama,BS
Spanish Wells,BS
North Andros,BS
Rum Cay,BS
New Providence,BS
Inagua,BS
Acklins,BS
Central Abaco,BS
Freeport,BS
East Grand Bahama,BS
Moore's Island,BS
Central Eleuthera,BS
Exuma,BS
Ragged Island,BS
North Abaco,BS
Crooked Island and Long Cay,BS
San Salvador,BS
Long Island,BS
Black Point,BS
Cat Island,BS
Bimini,BS
Mayaguana,BS
Wangdi Phodrang,BT
Tongsa,BT
Thimphu,BT
Trashi Yangste,BT
Tashigang,BT
Dagana,BT
Shemgang,BT
Geylegphug,BT
Punakha,BT
Chukha,BT
Paro,BT
Mongar,BT
Lhuntse,BT
Haa,BT
Gasa,BT
Chirang,BT
Bumthang,BT
Samchi,BT
Pemagatshel,BT
Samdrup Jongkhar,BT
Kgalagadi,BW
Central,BW
Kweneng,BW
North-West,BW
Selibe Phikwe,BW
South-East,BW
Ngwaketsi,BW
Kgatleng,BW
Lobatse,BW
Chobe,BW
Ghanzi,BW
Gaborone,BW
City of Francistown,BW
Jwaneng,BW
Grodnenskaya,BY
Minsk,BY
Gomel Oblast,BY
Brest,BY
Vitebsk,BY
Mogilev,BY
Minsk City,BY
Belize,BZ
Cayo,BZ
Toledo,BZ
Orange Walk,BZ
Southern District,BZ
Corozal,BZ
British Columbia,CA
Quebec,CA
Ontario,CA
Alberta,CA
Nova Scotia,CA
Newfoundland and Labrador,CA
Manitoba,CA
Prince Edward Island,CA
New Brunswick,CA
Saskatchewan,CA
Nunavut,CA
Yukon,CA
Northwest Territories,CA
,CC
Tshopo,CD
Haut-Uele,CD
South Kivu,CD
Kasai,CD
Nord Kivu,CD
Lomami,CD
Kasai-Oriental,CD
Sankuru,CD
Mongala,CD
Tanganyika,CD
Maniema,CD
Kasai-Central,CD
Haut-Lomami,CD
Nord-Ubangi,CD
Bas-Uele,CD
Ituri,CD
Tshuapa,CD
Haut-Katanga,CD
Lualaba,CD
Bas-Congo,CD
Mai-Ndombe,CD
Equateur,CD
Kwilu,CD
Sud-Ubangi,CD
Kinshasa,CD
Kwango,CD
Haut-Mbomou,CF
Haute-Kotto,CF
Bamingui-Bangoran,CF
Basse-Kotto,CF
Ouaka,CF
Vakaga,CF
Mbomou,CF
Kemo,CF
Ouham-Pende,CF
Sangha-Mbaere,CF
Lobaye,CF
Nana-Grebizi,CF
Ouham,CF
Mambere-Kadei,CF
Ombella-M'Poko,CF
Nana-Mambere,CF
Bangui,CF
Lekoumou,CG
Pointe-Noire,CG
Cuvette,CG
Sangha,CG
Niari,CG
Bouenza,CG
Kouilou,CG
Pool,CG
Likouala,CG
Plateaux,CG
Cuvette-Ouest,CG
Brazzaville,CG
Zurich,CH
Zug,CH
Solothurn,CH
Bern,CH
Aargau,CH
Valais,CH
Vaud,CH
Schwyz,CH
Saint Gallen,CH
Thurgau,CH
Fribourg,CH
Ticino,CH
Geneva,CH
Basel-Landschaft,CH
Appenzell Ausserrhoden,CH
Lucerne,CH
Nidwalden,CH
Schaffhausen,CH
Obwalden,CH
Jura,CH
Neuchatel,CH
Grisons,CH
Glarus,CH
Basel-City,CH
Appenzell Innerrhoden,CH
Uri,CH
Sassandra-Marahoue,CI
Lacs,CI
Montagnes,CI
Woroba,CI
Savanes,CI
Lagunes,CI
Zanzan,CI
Bas-Sassandra,CI
Vallee du Bandama,CI
Goh-Djiboua,CI
Denguele,CI
Comoe,CI
Abidjan,CI
Rarotonga,CK
Biobio,CL
Valparaiso,CL
Araucania,CL
Coquimbo Region,CL
Atacama,CL
Los Rios Region,CL
Antofagasta,CL
Maule Region,CL
Santiago Metropolitan,CL
O'Higgins Region,CL
Nuble,CL
Los Lagos Region,CL
Region of Magallanes,CL
Aysen,CL
Tarapaca,CL
Arica y Parinacota,CL
Centre,CM
East,CM
Far North,CM
Littoral,CM
North-West,CM
West,CM
South-West,CM
Adamaoua,CM
North,CM
South,CM
Yunnan,CN
Xinjiang,CN
Tibet,CN
Gansu,CN
Jiangsu,CN
Hainan,CN
Guizhou,CN
Shandong,CN
Shaanxi,CN
Sichuan,CN
Chongqing,CN
Hunan,CN
Henan,CN
Shanghai,CN
Zhejiang,CN
Liaoning,CN
Hubei,CN
Hebei,CN
Guangdong,CN
Fujian,CN
Tianjin,CN
Shanxi,CN
Guangxi,CN
Jiangxi,CN
Anhui,CN
Ningxia Hui Autonomous Region,CN
Qinghai,CN
Inner Mongolia,CN
Beijing,CN
Jilin,CN
Heilongjiang,CN
,CN
Cundinamarca,CO
Valle del Cauca,CO
Antioquia,CO
Santander,CO
Bolivar,CO
Casanare,CO
Huila,CO
Caldas,CO
Meta,CO
Norte de Santander,CO
La Guajira,CO
Putumayo,CO
Boyaca,CO
Tolima,CO
Cesar,CO
Cordoba,CO
Atlantico,CO
Narino,CO
Sucre,CO
Cauca,CO
Departamento de Arauca,CO
Choco,CO
Magdalena,CO
Risaralda,CO
San Andres y Providencia,CO
Quindio,CO
Caqueta,CO
Guainia,CO
Vichada,CO
Vaupes,CO
Amazonas,CO
Bogota D.C.,CO
Guaviare,CO
Cartago,CR
Guanacaste,CR
San Jose,CR
Limon,CR
Heredia,CR
Alajuela,CR
Puntarenas,CR
Sancti Spiritus,CU
Granma,CU
Pinar del Rio,CU
Camaguey,CU
Ciego de Avila,CU
Matanzas,CU
Holguin,CU
Artemisa,CU
Villa Clara,CU
Havana,CU
Santiago de Cuba,CU
Mayabeque,CU
Cienfuegos,CU
Guantanamo,CU
Las Tunas,CU
Isla de la Juventud,CU
Brava,CV
Maio,CV
Ribeira Brava,CV
Tarrafal de Sao Nicolau,CV
Tarrafal,CV
Sao Filipe,CV
Sao Domingos,CV
Sal,CV
Santa Cruz,CV
Boa Vista,CV
Ribeira Grande,CV
Praia,CV
Porto Novo,CV
Mosteiros,CV
Paul,CV
Sao Salvador do Mundo,CV
Sao Vicente,CV
Santa Catarina do Fogo,CV
Ribeira Grande de Santiago,CV
Sao Miguel,CV
Santa Catarina,CV
Sao Lourenco dos Orgaos,CV
,CW
,CX
Ammochostos,CY
Limassol,CY
Nicosia,CY
Larnaka,CY
Pafos,CY
Keryneia,CY
Kralovehradecky kraj,CZ
Zlin,CZ
South Moravian,CZ
Liberecky kraj,CZ
Vysocina,CZ
Ustecky kraj,CZ
Pardubicky,CZ
Olomoucky,CZ
Hlavni mesto Praha,CZ
Moravskoslezsky,CZ
Jihocesky kraj,CZ
Central Bohemia,CZ
Plzensky kraj,CZ
Karlovarsky kraj,CZ
Saxony,DE
Hesse,DE
Bavaria,DE
Rheinland-Pfalz,DE
North Rhine-Westphalia,DE
Brandenburg,DE
Baden-Wurttemberg,DE
Lower Saxony,DE
Thuringia,DE
Saxony-Anhalt,DE
Berlin,DE
Mecklenburg-Vorpommern,DE
Schleswig-Holstein,DE
Hamburg,DE
Saarland,DE
Bremen,DE
Tadjourah,DJ
Obock,DJ
Djibouti,DJ
Dikhil,DJ
Arta,DJ
Ali Sabieh,DJ
Zealand,DK
South Denmark,DK
Central Jutland,DK
Capital Region,DK
North Denmark,DK
Saint Andrew,DM
Saint Mark,DM
Saint Joseph,DM
Saint George,DM
Saint David,DM
Saint John,DM
Saint Paul,DM
Saint Luke,DM
Saint Peter,DM
Saint Patrick,DM
Azua,DO
Monte Plata,DO
San Cristobal,DO
Monte Cristi,DO
Duarte,DO
Baoruco,DO
Santiago,DO
Nacional,DO
Barahona,DO
Espaillat,DO
San Juan,DO
Hermanas Mirabal,DO
Puerto Plata,DO
El Seibo,DO
Samana,DO
La Altagracia,DO
San Pedro de Macoris,DO
San Jose de Ocoa,DO
Santiago Rodriguez,DO
Hato Mayor,DO
Maria Trinidad Sanchez,DO
La Vega,DO
Monsenor Nouel,DO
Pedernales,DO
Peravia,DO
Valverde,DO
Dajabon,DO
La Romana,DO
Independencia,DO
Sanchez Ramirez,DO
Elias Pina,DO
Santo Domingo,DO
Boumerdes,DZ
Biskra,DZ
Algiers,DZ
Relizane,DZ
Touggourt,DZ
Tlemcen,DZ
Tizi Ouzou,DZ
Tissemsilt,DZ
Tipaza,DZ
Tindouf,DZ
Timimoun,DZ
Bejaia,DZ
Tiaret,DZ
Mila,DZ
Tebessa,DZ
Batna,DZ
Tamanrasset,DZ
Skikda,DZ
Bouira,DZ
Blida,DZ
Souk Ahras,DZ
Mascara,DZ
Ouled Djellal,DZ
Oran,DZ
Sidi Bel Abbes,DZ
El Mghair,DZ
Chlef,DZ
M'Sila,DZ
Setif,DZ
Saida,DZ
Ouargla,DZ
El Oued,DZ
Adrar,DZ
Bordj Bou Arreridj,DZ
Oum el Bouaghi,DZ
Naama,DZ
Mostaganem,DZ
Ghardaia,DZ
Djelfa,DZ
Medea,DZ
Laghouat,DZ
Khenchela,DZ
Ain Defla,DZ
Jijel,DZ
Illizi,DZ
Guelma,DZ
Ain Temouchent,DZ
Constantine,DZ
El Tarf,DZ
Annaba,DZ
El Bayadh,DZ
Bechar,DZ
In Salah,DZ
El Oro,EC
Zamora-Chinchipe,EC
Guayas,EC
Los Rios,EC
Esmeraldas,EC
Carchi,EC
Manabi,EC
Napo,EC
Morona-Santiago,EC
Santo Domingo de los Tsachilas,EC
Santa Elena,EC
Cotopaxi,EC
Bolivar,EC
Pichincha,EC
Chimborazo,EC
Pastaza,EC
Orellana,EC
Galapagos,EC
Imbabura,EC
Tungurahua,EC
Loja,EC
Canar,EC
Sucumbios,EC
Azuay,EC
Vorumaa,EE
Viljandimaa,EE
Valgamaa,EE
Jaervamaa,EE
Tartu,EE
Laeaene-Virumaa,EE
Harjumaa,EE
Ida-Virumaa,EE
Raplamaa,EE
Polvamaa,EE
Paernumaa,EE
Saare,EE
Hiiumaa,EE
Jogevamaa,EE
Laeaene,EE
Gharbia,EG
Qalyubia,EG
Sohag,EG
Faiyum,EG
Dakahlia,EG
Monufia,EG
Beni Suweif,EG
Matruh,EG
Kafr el-Sheikh,EG
South Sinai,EG
Minya,EG
Beheira,EG
Red Sea,EG
Qena,EG
Sharqia,EG
Asyut,EG
Giza,EG
Aswan,EG
Cairo,EG
Damietta,EG
Port Said,EG
Suez,EG
Luxor,EG
New Valley,EG
Ismailia,EG
Alexandria,EG
North Sinai,EG
,EH
Northern Red Sea,ER
Anseba,ER
Southern Red Sea,ER
Debub,ER
Gash-Barka,ER
Maekel,ER
Andalusia,ES
Extremadura,ES
Murcia,ES
Canary Islands,ES
Valencia,ES
Castille-La Mancha,ES
Balearic Islands,ES
Melilla,ES
Basque Country,ES
Aragon,ES
Castille and Leon,ES
Galicia,ES
Madrid,ES
Asturias,ES
Catalonia,ES
Navarre,ES
Cantabria,ES
La Rioja,ES
Ceuta,ES
Oromiya,ET
SNNPR,ET
Amhara,ET
Tigray,ET
Somali,ET
Harari,ET
Afar,ET
Gambela,ET
Dire Dawa,ET
Binshangul Gumuz,ET
Addis Ababa,ET
Pirkanmaa,FI
North Ostrobothnia,FI
Lapland,FI
Uusimaa,FI
Kainuu,FI
Central Finland,FI
North Savo,FI
Ostrobothnia,FI
Southwest Finland,FI
Satakunta,FI
South Ostrobothnia,FI
Kanta-Haeme,FI
South Savo,FI
South Karelia,FI
North Karelia,FI
Paijat-Hame,FI
Kymenlaakso,FI
Central Ostrobothnia,FI
Central,FJ
Western,FJ
Eastern,FJ
Northern,FJ
Rotuma,FJ
,FK
Chuuk,FM
Kosrae,FM
Pohnpei,FM
Yap,FM
Suduroy,FO
Streymoy,FO
Sandoy,FO
Vagar,FO
Nordoyar,FO
Eysturoy,FO
Nouvelle-Aquitaine,FR
Auvergne-Rhone-Alpes,FR
Normandy,FR
Ile-de-France,FR
Hauts-de-France,FR
Grand Est,FR
Provence-Alpes-Cote d'Azur,FR
Brittany,FR
Centre,FR
Occitanie,FR
Bourgogne-Franche-Comte,FR
Pays de la Loire,FR
Corsica,FR
Nyanga,GA
Ogooue-Maritime,GA
Woleu-Ntem,GA
Haut-Ogooue,GA
Estuaire,GA
Ngouni,GA
Moyen-Ogooue,GA
Ogooue-Ivindo,GA
Ogooue-Lolo,GA
Wales,GB
England,GB
Scotland,GB
Northern Ireland,GB
Saint Mark,GD
Saint Patrick,GD
Saint George,GD
Saint David,GD
Carriacou and Petite Martinique,GD
Saint Andrew,GD
Saint John,GD
Samegrelo and Zemo Svaneti,GE
Imereti,GE
Shida Kartli,GE
Abkhazia,GE
Kakheti,GE
T'bilisi,GE
Kvemo Kartli,GE
Guria,GE
Samtskhe-Javakheti,GE
Mtskheta-Mtianeti,GE
Racha-Lechkhumi and Kvemo Svaneti,GE
Achara,GE
Guyane,GF
Torteval,GG
St Sampson,GG
St Peter Port,GG
Alderney,GG
Saint Saviour,GG
Castel,GG
Saint Andrew,GG
St Martin,GG
Northern,GH
Central,GH
Western North,GH
Bono,GH
Upper West,GH
Greater Accra,GH
Bono East,GH
Western,GH
Ashanti,GH
Eastern,GH
Upper East,GH
North East,GH
Volta,GH
Ahafo,GH
Oti,GH
Savannah,GH
,GI
Qeqqata,GL
Kujalleq,GL
Sermersooq,GL
Avannaata,GL
Qeqertalik,GL
Western,GM
Lower River,GM
Banjul,GM
Upper River,GM
North Bank,GM
Central River,GM
Boke,GN
Labe,GN
Kindia,GN
Kankan,GN
Mamou,GN
Nzerekore,GN
Faranah,GN
Conakry,GN
Guadeloupe,GP
Annobon,GQ
Bioko Norte,GQ
Wele-Nzas,GQ
Kie-Ntem,GQ
Centro Sur,GQ
Bioko Sur,GQ
Litoral,GQ
Djibloho,GQ
Ionian Islands,GR
West Greece,GR
Thessaly,GR
Peloponnese,GR
North Aegean,GR
Attica,GR
Central Greece,GR
South Aegean,GR
Crete,GR
Epirus,GR
Central Macedonia,GR
East Macedonia and Thrace,GR
West Macedonia,GR
Mount Athos,GR
,GS
Quetzaltenango,GT
Chimaltenango,GT
Quiche,GT
Zacapa,GT
Guatemala,GT
Totonicapan,GT
Santa Rosa,GT
Alta Verapaz,GT
San Marcos,GT
Sacatepequez,GT
Huehuetenango,GT
Solola,GT
Peten,GT
Escuintla,GT
Suchitepeque,GT
Jutiapa,GT
Retalhuleu,GT
Baja Verapaz,GT
Jalapa,GT
El Progreso,GT
Izabal,GT
Chiquimula,GT
Piti,GU
Santa Rita,GU
Sinajana,GU
Talofofo,GU
Tamuning,GU
Umatac,GU
Yigo,GU
Yona,GU
Merizo,GU
Inarajan,GU
Agana Heights,GU
Hagatna,GU
Chalan Pago-Ordot,GU
Barrigada,GU
Agat,GU
Asan,GU
Dededo,GU
Mangilao,GU
Mongmong-Toto-Maite,GU
Biombo,GW
Tombali,GW
Oio,GW
Gabu,GW
Cacheu,GW
Bolama,GW
Quinara,GW
Bissau,GW
Bafata,GW
Essequibo Islands-West Demerara,GY
East Berbice-Corentyne,GY
Mahaica-Berbice,GY
Potaro-Siparuni,GY
Barima-Waini,GY
Upper Demerara-Berbice,GY
Upper Takutu-Upper Essequibo,GY
Demerara-Mahaica,GY
Cuyuni-Mazaruni,GY
Pomeroon-Supenaam,GY
Tsuen Wan,HK
Islands,HK
Yuen Long,HK
Wong Tai Sin,HK
Wan Chai,HK
Tuen Mun,HK
Kwai Tsing,HK
Sai Kung,HK
Tai Po,HK
Sha Tin,HK
Sham Shui Po,HK
Southern,HK
Kowloon City,HK
Central and Western,HK
North,HK
Cortes,HN
El Paraiso,HN
Yoro,HN
Francisco Morazan,HN
Comayagua,HN
Colon,HN
Atlantida,HN
Copan,HN
Santa Barbara,HN
Choluteca,HN
Ocotepeque,HN
Valle,HN
Olancho,HN
Bay Islands,HN
Gracias a Dios,HN
La Paz,HN
Intibuca,HN
Lempira,HN
Vukovar-Sirmium,HR
Zagrebacka,HR
City of Zagreb,HR
Zadarska,HR
Sibensko-Kniniska,HR
Osjecko-Baranjska,HR
Virovitick-Podravska,HR
Varazdinska,HR
Istria,HR
Split-Dalmatia,HR
Slavonski Brod-Posavina,HR
Pozesko-Slavonska,HR
Sisacko-Moslavacka,HR
Licko-Senjska,HR
Primorsko-Goranska,HR
Medimurska,HR
Dubrovacko-Neretvanska,HR
Karlovacka,HR
Koprivnicko-Krizevacka,HR
Krapinsko-Zagorska,HR
Bjelovarsko-Bilogorska,HR
Artibonite,HT
Nord-Est,HT
Ouest,HT
Nord,HT
Nord-Ouest,HT
Centre,HT
Nippes,HT
Sud,HT
Grandans,HT
Sud-Est,HT
Bekes County,HU
Szabolcs-Szatmar-Bereg,HU
Hajdu-Bihar,HU
Jasz-Nagykun-Szolnok,HU
Borsod-Abauj-Zemplen,HU
Bacs-Kiskun,HU
Csongrad,HU
Heves,HU
Pest,HU
Budapest,HU
Veszprem,HU
Zala,HU
Tolna,HU
Komarom-Esztergom,HU
Vas,HU
Baranya,HU
Fejer,HU
Nograd,HU
Gyor-Moson-Sopron,HU
Somogy,HU
North Sumatra,ID
Aceh,ID
Yogyakarta,ID
Central Java,ID
East Java,ID
West Java,ID
South Sulawesi,ID
East Nusa Tenggara,ID
Bali,ID
Maluku,ID
North Sulawesi,ID
North Maluku,ID
Lampung,ID
North Kalimantan,ID
Riau Islands,ID
Bangka-Belitung Islands,ID
South Sumatra,ID
Banten,ID
West Kalimantan,ID
Jambi,ID
West Nusa Tenggara,ID
West Papua,ID
West Sumatra,ID
Central Kalimantan,ID
East Kalimantan,ID
Central Sulawesi,ID
West Sulawesi,ID
Riau,ID
Papua,ID
South Kalimantan,ID
Southeast Sulawesi,ID
Jakarta,ID
Gorontalo,ID
Bengkulu,ID
Ulster,IE
Munster,IE
Leinster,IE
Connaught,IE
Northern District,IL
Jerusalem,IL
Central District,IL
Haifa,IL
Southern District,IL
Tel Aviv,IL
,IL
Judea and Samaria Area,IL
Santon,IM
Ramsey,IM
Port St Mary,IM
Port Erin,IM
Peel,IM
Patrick,IM
Onchan,IM
Maughold,IM
Lezayre,IM
Laxey,IM
Michael,IM
Braddan,IM
Jurby,IM
Douglas,IM
Marown,IM
Castletown,IM
Bride,IM
Malew,IM
Arbory,IM
Andreas,IM
Ballaugh,IM
Jammu and Kashmir,IN
Tamil Nadu,IN
Nagaland,IN
Arunachal Pradesh,IN
Uttar Pradesh,IN
Telangana,IN
Himachal Pradesh,IN
Maharashtra,IN
Karnataka,IN
Andhra Pradesh,IN
Haryana,IN
Manipur,IN
Rajasthan,IN
Bihar,IN
Madhya Pradesh,IN
Gujarat,IN
Kerala,IN
Goa,IN
Uttarakhand,IN
Chhattisgarh,IN
Assam,IN
Tripura,IN
Odisha,IN
Meghalaya,IN
West Bengal,IN
Jharkhand,IN
Mizoram,IN
Punjab,IN
Sikkim,IN
Dadra and Nagar Haveli and Daman and Diu,IN
Andaman and Nicobar,IN
Puducherry,IN
Ladakh,IN
Delhi,IN
Laccadives,IN
Chandigarh,IN
Duhok,IQ
Basra,IQ
Salah ad Din,IQ
Nineveh,IQ
Babil,IQ
Arbil,IQ
Al Anbar,IQ
Diyala,IQ
Kirkuk,IQ
Muhafazat Karbala',IQ
Sulaymaniyah,IQ
Baghdad,IQ
Wasit,IQ
Al Muthanna,IQ
Al Qadisiyah,IQ
Dhi Qar,IQ
An Najaf,IQ
Maysan,IQ
Qazvin,IR
Hamadan,IR
Kermanshah,IR
Lorestan Province,IR
Semnan,IR
Tehran,IR
Golestan,IR
Zanjan,IR
Gilan,IR
Kohgiluyeh and Boyer-Ahmad,IR
Kerman,IR
Yazd,IR
Razavi Khorasan,IR
Mazandaran,IR
West Azerbaijan,IR
Markazi,IR
East Azerbaijan,IR
Khuzestan,IR
North Khorasan,IR
Fars,IR
Chaharmahal and Bakhtiari,IR
Isfahan,IR
Kordestan,IR
Qom,IR
Hormozgan,IR
South Khorasan Province,IR
Ardabil,IR
Alborz Province,IR
Ilam Province,IR
Bushehr,IR
Sistan and Baluchestan,IR
Northwest,IS
East,IS
Northeast,IS
South,IS
Capital Region,IS
Southern Peninsula,IS
Westfjords,IS
West,IS
Sicily,IT
Sardinia,IT
Calabria,IT
Apulia,IT
Emilia-Romagna,IT
Lombardy,IT
Veneto,IT
Lazio,IT
Campania,IT
Piedmont,IT
Tuscany,IT
Trentino-Alto Adige,IT
Friuli Venezia Giulia,IT
Liguria,IT
Basilicate,IT
Molise,IT
Abruzzo,IT
The Marches,IT
Umbria,IT
Aosta Valley,IT
St Helier,JE
St Clement,JE
St. Thomas,JM
St. Andrew,JM
Saint Catherine,JM
Westmoreland,JM
St. Elizabeth,JM
St Ann,JM
Manchester,JM
St. Mary,JM
Portland,JM
St. James,JM
Clarendon,JM
Hanover,JM
Kingston,JM
Trelawny,JM
Irbid,JO
Ma'an,JO
Amman,JO
Jerash,JO
Ajlun,JO
Mafraq,JO
Madaba,JO
Karak,JO
Tafielah,JO
Zarqa,JO
Balqa,JO
Aqaba,JO
Wakayama,JP
Kanagawa,JP
Hyogo,JP
Niigata,JP
Yamagata,JP
Gifu,JP
Fukuoka,JP
Ibaraki,JP
Nara,JP
Saitama,JP
Gunma,JP
Tottori,JP
Okinawa,JP
Mie,JP
Shiga,JP
Kyoto,JP
Kumamoto,JP
Toyama,JP
Shimane,JP
Osaka,JP
Yamaguchi,JP
Okayama,JP
Shizuoka,JP
Tochigi,JP
Tokushima,JP
Kagoshima,JP
Kagawa,JP
Oita,JP
Saga,JP
Tokyo,JP
Yamanashi,JP
Nagano,JP
Aichi,JP
Ishikawa,JP
Fukui,JP
Miyazaki,JP
Nagasaki,JP
Akita,JP
Chiba,JP
Hiroshima,JP
Kochi,JP
Ehime,JP
Fukushima,JP
Aomori,JP
Miyagi,JP
Iwate,JP
Hokkaido,JP
Taita Taveta,KE
Makueni,KE
Lamu,KE
Bungoma,KE
Wajir,KE
Nairobi Area,KE
Kilifi,KE
Kwale,KE
Kirinyaga,KE
Laikipia,KE
Kiambu,KE
Nakuru,KE
Homa Bay,KE
Kisii,KE
Nyeri,KE
Nyamira District,KE
Kajiado,KE
Narok,KE
Kitui,KE
Murang'a District,KE
Kakamega,KE
Kisumu,KE
Marsabit,KE
Mombasa,KE
Migori,KE
Meru,KE
Vihiga,KE
Samburu,KE
Mandera,KE
Busia,KE
Machakos,KE
Turkana,KE
Trans Nzoia,KE
Kericho,KE
Marakwet District,KE
Nandi,KE
West Pokot,KE
Baringo,KE
Isiolo,KE
Tana River,KE
Garissa,KE
Embu,KE
Uasin Gishu,KE
Tharaka District,KE
Siaya,KE
Bomet,KE
Nyandarua,KE
Batken,KG
Issyk-Kul,KG
Chuy,KG
Jalal-Abad,KG
Talas,KG
Osh,KG
Naryn,KG
Bishkek,KG
Phnom Penh,KH
Kandal,KH
Takeo,KH
Svay Rieng,KH
Tboung Khmum,KH
Stung Treng,KH
Banteay Meanchey,KH
Siem Reap,KH
Mondolkiri,KH
Prey Veng,KH
Pursat,KH
Otar Meanchey,KH
Preah Vihear,KH
Pailin,KH
Ratanakiri,KH
Kep,KH
Koh Kong,KH
Kratie,KH
Kampot,KH
Kampong Thom,KH
Kampong Speu,KH
Preah Sihanouk,KH
Kampong Chhnang,KH
Kampong Cham,KH
Battambang,KH
Gilbert Islands,KI
Anjouan,KM
Grande Comore,KM
Moheli,KM
Trinity Palmetto Point,KN
Saint Anne Sandy Point,KN
Saint Paul Capesterre,KN
Christ Church Nichola Town,KN
Saint James Windwa,KN
Saint Peter Basseterre,KN
Middle Island,KN
Saint George Gingerland,KN
Saint John Figtree,KN
Saint John Capesterre,KN
Saint Thomas Lowland,KN
Saint Paul Charlestown,KN
Saint Mary Cayon,KN
Saint George Basseterre,KN
South Pyongan,KP
P'yongan-bukto,KP
Hwanghae-namdo,KP
Kangwon-do,KP
Pyongyang,KP
Hwanghae-bukto,KP
Hamgyong-namdo,KP
Rason,KP
Hamgyong-bukto,KP
Chagang-do,KP
Yanggang-do,KP
Gyeongsangbuk-do,KR
Gangwon-do,KR
Jeollanam-do,KR
North Chungcheong,KR
Gyeonggi-do,KR
Chungcheongnam-do,KR
Gyeongsangnam-do,KR
Jeollabuk-do,KR
Ulsan,KR
Daejeon,KR
Daegu,KR
Seoul,KR
Busan,KR
Gwangju,KR
Incheon,KR
Jeju-do,KR
Sejong-si,KR
Al Farwaniyah,KW
Hawalli,KW
Al Asimah,KW
Al Ahmadi,KW
Muhafazat al Jahra',KW
Mubarak al Kabir,KW
West Bay,KY
North Side,KY
George Town,KY
East End,KY
Bodden Town,KY
Sister Island,KY
,KZ
Mangghystau,KZ
Aqtoebe,KZ
Atyrau,KZ
Batys Qazaqstan,KZ
Karaganda,KZ
East Kazakhstan,KZ
Qyzylorda,KZ
Aqmola,KZ
Qostanay,KZ
Pavlodar Region,KZ
Zhambyl,KZ
South Kazakhstan,KZ
Almaty Oblysy,KZ
North Kazakhstan,KZ
Shymkent,KZ
Baikonur,KZ
Nur-Sultan,KZ
Almaty,KZ
Vientiane Prefecture,LA
Houaphan,LA
Savannahkhet,LA
Salavan,LA
Phongsali,LA
Champasak,LA
Oudomxai,LA
Xiagnabouli,LA
Vientiane,LA
Xiangkhoang,LA
Bolikhamsai,LA
Khammouan,LA
Louangphabang,LA
Loungnamtha,LA
Bokeo,LA
Attapu,LA
Xekong,LA
Beqaa,LB
Liban-Nord,LB
South Governorate,LB
Beyrouth,LB
Mont-Liban,LB
Aakkar,LB
Nabatiye,LB
Baalbek-Hermel,LB
Vieux-Fort,LC
Soufriere,LC
Micoud,LC
Laborie,LC
Gros-Islet,LC
Dennery,LC
Choiseul,LC
Castries,LC
Anse-la-Raye,LC
Vaduz,LI
Triesenberg,LI
Triesen,LI
Schellenberg,LI
Schaan,LI
Ruggell,LI
Planken,LI
Mauren,LI
Gamprin,LI
Eschen,LI
Balzers,LI
Western,LK
Southern,LK
Uva,LK
Northern Province,LK
Eastern Province,LK
Sabaragamuwa,LK
North Western,LK
North Central,LK
Central,LK
Grand Gedeh,LR
Nimba,LR
Lofa,LR
Bomi,LR
River Gee,LR
Grand Cape Mount,LR
River Cess,LR
Montserrado,LR
Margibi,LR
Maryland,LR
Sinoe,LR
Bong,LR
Grand Bassa,LR
Gbarpolu,LR
Grand Kru,LR
Berea,LS
Quthing,LS
Qacha's Nek,LS
Maseru,LS
Mokhotlong,LS
Mohale's Hoek District,LS
Leribe,LS
Mafeteng,LS
Butha-Buthe,LS
Thaba-Tseka,LS
Utena,LT
Vilnius,LT
Marijampole County,LT
Alytus,LT
Telsiai,LT
Taurage County,LT
Klaipeda County,LT
Siauliai,LT
Panevezys,LT
Kaunas,LT
Wiltz,LU
Luxembourg,LU
Esch-sur-Alzette,LU
Redange,LU
Mersch,LU
Capellen,LU
Grevenmacher,LU
Diekirch,LU
Valmiera,LV
Ventspils,LV
Varaklani,LV
Valka,LV
Ropazu,LV
Tukuma novads,LV
Talsi Municipality,LV
Smiltene,LV
Sigulda,LV
Saulkrastu,LV
Saldus Rajons,LV
Salaspils,LV
Riga,LV
Rezekne,LV
Preilu novads,LV
Olaine,LV
Ogre,LV
Madona Municipality,LV
Ludzas novads,LV
Livani,LV
Limbazu novads,LV
Liepaja,LV
Kuldigas novads,LV
Jekabpils Municipality,LV
Kraslavas novads,LV
Kekava,LV
Jurmala,LV
Jelgava,LV
Gulbenes novads,LV
Dobeles novads,LV
Daugavpils,LV
Aluksnes Novads,LV
Cesu Rajons,LV
Bauskas Rajons,LV
Balvu Novads,LV
South Kurzeme Municipality,LV
Aizkraukles novads,LV
Adazi,LV
Marupe,LV
Al Butnan,LY
Banghazi,LY
Darnah,LY
Al Wahat,LY
Al Kufrah,LY
Al Marj,LY
Al Jabal al Akhdar,LY
An Nuqat al Khams,LY
Misratah,LY
Jabal al Gharbi,LY
Al Jufrah,LY
Al Marqab,LY
Tripoli,LY
Surt,LY
Az Zawiyah,LY
Sabha,LY
Nalut,LY
Murzuq,LY
Ghat,LY
Wadi ash Shati',LY
Wadi al Hayat,LY
Al Jafarah,LY
Laayoune-Sakia El Hamra,MA
Marrakesh-Safi,MA
Oriental,MA
Draa-Tafilalet,MA
Guelmim-Oued Noun,MA
Souss-Massa,MA
Tanger-Tetouan-Al Hoceima,MA
Rabat-Sale-Kenitra,MA
Fes-Meknes,MA
Casablanca-Settat,MA
Beni Mellal-Khenifra,MA
Municipality of Monaco,MC
Raionul Edinet,MD
Cantemir,MD
Gagauzia,MD
Chisinau Municipality,MD
Ungheni,MD
Taraclia,MD
Transnistria,MD
Telenesti,MD
Stefan-Voda,MD
Straseni,MD
Singerei,MD
Raionul Soroca,MD
Soldanesti,MD
Riscani,MD
Rezina,MD
Orhei,MD
Raionul Ocnita,MD
Anenii Noi,MD
Nisporeni,MD
Leova,MD
Hincesti,MD
Dubasari,MD
Causeni,MD
Ialoveni,MD
Glodeni,MD
Floresti,MD
Falesti,MD
Drochia,MD
Donduseni,MD
Criuleni,MD
Cimislia,MD
Calarasi,MD
Cahul,MD
Briceni,MD
Bender Municipality,MD
Basarabeasca,MD
Balti,MD
Opstina Rozaje,ME
Opstina Zabljak,ME
Ulcinj,ME
Tuzi,ME
Tivat,ME
Opstina Savnik,ME
Podgorica,ME
Opstina Pluzine,ME
Pljevlja,ME
Opstina Plav,ME
Opstina Niksic,ME
Mojkovac,ME
Kotor,ME
Opstina Kolasin,ME
Berane,ME
Herceg Novi,ME
Gusinje,ME
Danilovgrad,ME
Cetinje,ME
Budva,ME
Bijelo Polje,ME
Bar,ME
Andrijevica,ME
Petnjica,ME
,MF
Atsinanana,MG
Atsimo-Atsinanana,MG
Vatovavy Fitovinany,MG
Analanjirofo,MG
Bongolava,MG
Androy,MG
Betsiboka,MG
Atsimo-Andrefana,MG
Anosy,MG
Itasy,MG
Vakinankaratra,MG
Boeny,MG
Sava,MG
Analamanga,MG
Diana,MG
Ihorombe,MG
Menabe,MG
Alaotra Mangoro,MG
Melaky,MG
Upper Matsiatra,MG
Amoron'i Mania,MG
Sofia,MG
Likiep Atoll,MH
Jaluit Atoll,MH
Ailuk Atoll,MH
Majuro Atoll,MH
Maloelap Atoll,MH
Kwajalein Atoll,MH
Enewetak Atoll,MH
Ebon Atoll,MH
Aur Atoll,MH
Arno Atoll,MH
Ailinglaplap Atoll,MH
Mili Atoll,MH
Lae Atoll,MH
Utrik Atoll,MH
Ujae Atoll,MH
Rongelap Atoll,MH
Namu Atoll,MH
Namdrik Atoll,MH
Mejit Island,MH
Lib Island,MH
Kili Island,MH
Jabat Island,MH
Wotje Atoll,MH
Wotho Atoll,MH
Zrnovci,MK
Zhelino,MK
Zelenikovo,MK
Kichevo,MK
Gostivar,MK
Vrapchishte,MK
Vinica,MK
Vevchani,MK
Struga,MK
Vasilevo,MK
Valandovo,MK
Veles,MK
Tetovo,MK
Tearce,MK
Sveti Nikole,MK
Studenichani,MK
Strumica,MK
Shtip,MK
Staro Nagorichane,MK
Dojran,MK
Sopiste,MK
Grad Skopje,MK
Mavrovo and Rostusa,MK
Rosoman,MK
Resen,MK
Rankovce,MK
Radovish,MK
Probishtip,MK
Prilep,MK
Plasnica,MK
Petrovec,MK
Pehchevo,MK
Ohrid,MK
Novo Selo,MK
Novaci,MK
Negotino,MK
Demir Hisar,MK
Mogila,MK
Lipkovo,MK
Kumanovo,MK
Krushevo,MK
Krivogashtani,MK
Kriva Palanka,MK
Kratovo,MK
Konche,MK
Kochani,MK
Kavadarci,MK
Karbinci,MK
Bogovinje,MK
Makedonska Kamenica,MK
Jegunovce,MK
Gradsko,MK
Gevgelija,MK
Lozovo,MK
Dolneni,MK
Demir Kapija,MK
Delchevo,MK
Debar,MK
Chucher Sandevo,MK
Chashka,MK
Brvenica,MK
Makedonski Brod,MK
Bosilovo,MK
Bogdanci,MK
Bitola,MK
Berovo,MK
Debarca,MK
Arachinovo,MK
Ilinden,MK
Centar Zhupa,MK
Sikasso,ML
Tombouctou,ML
Mopti,ML
Taoudenit,ML
Segou,ML
Kayes,ML
Menaka,ML
Koulikoro,ML
Kidal,ML
Gao,ML
Bamako,ML
Magway,MM
Ayeyarwady,MM
Mandalay,MM
Yangon,MM
Bago,MM
Mon,MM
Tanintharyi,MM
Shan,MM
Rakhine,MM
Sagain,MM
Nay Pyi Taw,MM
Kayin,MM
Kachin,MM
Kayah,MM
Chin,MM
Dzabkhan,MN
Uvs,MN
Bayan-Olgiy,MN
Hovd,MN
Govi-Altay,MN
Ulaanbaatar,MN
Arhangay,MN
Hovsgol,MN
Selenge,MN
Hentiy,MN
Middle Govi,MN
OEvoerhangay,MN
Orhon,MN
Central Aimak,MN
Darhan Uul,MN
OEmnoegovi,MN
Govi-Sumber,MN
East Aimak,MN
East Gobi Aymag,MN
Bulgan,MN
Bayanhongor,MN
Suhbaatar,MN
,MO
Tinian,MP
Saipan,MP
Martinique,MQ
Tiris Zemmour,MR
Trarza,MR
Tagant,MR
Guidimaka,MR
,MR
Dakhlet Nouadhibou,MR
Hodh Ech Chargi,MR
Assaba,MR
Gorgol,MR
Hodh El Gharbi,MR
Adrar,MR
Brakna,MR
Inchiri,MR
Nouakchott Sud,MR
Nouakchott Ouest,MR
Nouakchott Nord,MR
Saint Peter,MS
Saint Anthony,MS
Marsaxlokk,MT
Iz-Zurrieq,MT
Iz-Zejtun,MT
Iz-Zebbug,MT
Haz-Zebbug,MT
Haz-Zabbar,MT
Ix-Xghajra,MT
Ix-Xewkija,MT
Ix-Xaghra,MT
Valletta,MT
Ta' Xbiex,MT
Tarxien,MT
Tas-Sliema,MT
Is-Siggiewi,MT
Saint Venera,MT
Saint Paul's Bay,MT
Sannat,MT
Saint Lawrence,MT
Saint Julian,MT
Safi,MT
Paola,MT
Victoria,MT
Ir-Rabat,MT
Il-Qrendi,MT
Qormi,MT
Tal-Pieta,MT
In-Naxxar,MT
In-Nadur,MT
Il-Munxar,MT
Mtarfa,MT
L-Imsida,MT
L-Imqabba,MT
Il-Mosta,MT
L-Imgarr,MT
Il-Mellieha,MT
L-Imdina,MT
Marsaskala,MT
Il-Marsa,MT
Luqa,MT
Senglea,MT
L-Iklin,MT
Lija,MT
Kirkop,MT
Ta' Kercem,MT
Il-Kalkara,MT
Is-Swieqi,MT
Il-Gzira,MT
Floriana,MT
Il-Birgu,MT
Il-Hamrun,MT
Il-Gudja,MT
Hal Ghaxaq,MT
Hal Gharghur,MT
L-Gharb,MT
Ghajnsielem,MT
Il-Fgura,MT
Dingli,MT
Bormla,MT
Birzebbuga,MT
Birkirkara,MT
Balzan,MT
Attard,MT
Saint John,MT
Il-Fontana,MT
Pembroke,MT
Plaines Wilhems,MU
Pamplemousses,MU
Black River,MU
Savanne,MU
Flacq,MU
Moka,MU
Grand Port,MU
Riviere du Rempart,MU
Port Louis,MU
,MU
Rodrigues,MU
Cargados Carajos,MU
Agalega Islands,MU
Kaafu Atoll,MV
Seenu,MV
Southern Ari Atoll,MV
Baa Atholhu,MV
Dhaalu Atholhu,MV
Gaafu Alif Atoll,MV
Gaafu Dhaalu Atoll,MV
Gnyaviyani Atoll,MV
Haa Alifu Atholhu,MV
Haa Dhaalu Atholhu,MV
Lhaviyani Atholhu,MV
Meemu Atholhu,MV
Noonu Atoll,MV
Raa Atoll,MV
Shaviyani Atholhu,MV
Thaa Atholhu,MV
Vaavu Atholhu,MV
Laamu,MV
Northern Region,MW
Southern Region,MW
Central Region,MW
Tamaulipas,MX
San Luis Potosi,MX
Mexico,MX
Guerrero,MX
Veracruz,MX
Oaxaca,MX
Hidalgo,MX
Puebla,MX
Morelos,MX
Chiapas,MX
Mexico City,MX
Yucatan,MX
Tlaxcala,MX
Tabasco,MX
Quintana Roo,MX
Queretaro,MX
Campeche,MX
Nuevo Leon,MX
Sonora,MX
Chihuahua,MX
Sinaloa,MX
Jalisco,MX
Coahuila,MX
Baja California,MX
Michoacan,MX
Zacatecas,MX
Guanajuato,MX
Durango,MX
Nayarit,MX
Colima,MX
Baja California Sur,MX
Aguascalientes,MX
Kedah,MY
Pahang,MY
Johor,MY
Selangor,MY
Terengganu,MY
Sabah,MY
Labuan,MY
Perak,MY
Kelantan,MY
Negeri Sembilan,MY
Melaka,MY
Penang,MY
Kuala Lumpur,MY
Sarawak,MY
Perlis,MY
Putrajaya,MY
Gaza,MZ
Sofala,MZ
Zambezia,MZ
Tete,MZ
Maputo Province,MZ
Cabo Delgado,MZ
Nampula,MZ
Inhambane,MZ
Maputo City,MZ
Niassa,MZ
Manica,MZ
Zambezi,
Khomas,
Karas,
Erongo,
Oshikoto,
Kavango East,
Hardap,
Kunene,
Otjozondjupa,
Oshana,
Omusati,
Kavango West,
Omaheke,
Ohangwena,
Loyalty Islands,NC
South Province,NC
North Province,NC
Tahoua,NE
Zinder,NE
Tillaberi,NE
Maradi,NE
Niamey,NE
Diffa,NE
Dosso,NE
Agadez,NE
,NF
Kebbi,NG
Niger,NG
Kaduna,NG
Katsina,NG
Bauchi,NG
Benue,NG
Adamawa,NG
Bayelsa,NG
Plateau,NG
Kwara,NG
Borno,NG
Sokoto,NG
Taraba,NG
Kano,NG
Delta,NG
Nassarawa,NG
Akwa Ibom,NG
Anambra,NG
Edo,NG
Abia,NG
Cross River,NG
Enugu,NG
Zamfara,NG
Oyo,NG
Ogun,NG
Jigawa,NG
Yobe,NG
Rivers,NG
Gombe,NG
Osun,NG
Ondo,NG
Imo,NG
Ekiti,NG
Kogi,NG
Lagos,NG
FCT,NG
Ebonyi,NG
Nueva Segovia,NI
North Caribbean Coast,NI
Chontales,NI
Masaya,NI
Managua,NI
Leon,NI
Madriz,NI
Chinandega,NI
Carazo,NI
Jinotega,NI
Boaco,NI
Rivas,NI
Rio San Juan,NI
Matagalpa,NI
South Caribbean Coast,NI
Granada,NI
Esteli,NI
Overijssel,NL
South Holland,NL
Friesland,NL
Gelderland,NL
North Brabant,NL
North Holland,NL
Groningen,NL
Zeeland,NL
Utrecht,NL
Flevoland,NL
Limburg,NL
Drenthe,NL
Troms og Finnmark,NO
Vestland,NO
More og Romsdal,NO
Viken,NO
Trondelag,NO
Agder,NO
Vestfold og Telemark,NO
Rogaland,NO
Nordland,NO
Innlandet,NO
Oslo,NO
Province 4,NP
Lumbini Province,NP
Sudurpashchim Pradesh,NP
Province 2,NP
Bagmati Province,NP
Province 1,NP
Karnali Pradesh,NP
Aiwo,NR
Uaboe,NR
Baiti,NR
Ijuw,NR
Anibare,NR
Anabar,NR
Yaren,NR
,NU
Canterbury,NZ
Waikato,NZ
Wellington,NZ
Auckland,NZ
Manawatu-Wanganui,NZ
West Coast,NZ
Nelson,NZ
Tasman,NZ
Otago,NZ
Bay of Plenty,NZ
Northland,NZ
Hawke's Bay,NZ
Taranaki,NZ
Southland,NZ
Gisborne,NZ
Chatham Islands,NZ
Marlborough,NZ
Southeastern Governorate,OM
Al Batinah North,OM
Ad Dakhiliyah,OM
Dhofar,OM
Muscat,OM
Musandam Governorate,OM
Ad Dhahirah,OM
Northeastern Governorate,OM
Al Wusta Governorate,OM
Al Batinah South,OM
Al Buraimi,OM
Chiriqui,PA
Panama Oeste,PA
Panama,PA
Veraguas,PA
Colon,PA
Cocle,PA
Herrera,PA
Los Santos,PA
Ngoebe-Bugle,PA
Darien,PA
Guna Yala,PA
Bocas del Toro,PA
Embera,PA
Tumbes,PE
Loreto,PE
Ancash,PE
La Libertad,PE
Piura,PE
San Martin,PE
Lambayeque,PE
Huanuco,PE
Cajamarca,PE
Ucayali,PE
Amazonas,PE
Arequipa,PE
Puno,PE
Cusco,PE
Pasco,PE
Ica,PE
Lima region,PE
Moquegua,PE
Junin,PE
Madre de Dios,PE
Ayacucho,PE
Apurimac,PE
Tacna,PE
Huancavelica,PE
Lima,PE
Callao,PE
Leeward Islands,PF
Iles du Vent,PF
,PF
Iles Marquises,PF
East Sepik,PG
Morobe,PG
Enga,PG
Sandaun,PG
Hela,PG
East New Britain,PG
National Capital,PG
Northern Province,PG
Western Highlands,PG
Southern Highlands,PG
Madang,PG
Manus,PG
Jiwaka,PG
Chimbu,PG
Western Province,PG
West New Britain,PG
Gulf,PG
New Ireland,PG
Eastern Highlands,PG
Bougainville,PG
Milne Bay,PG
Ilocos,PH
Central Visayas,PH
Zamboanga Peninsula,PH
Autonomous Region in Muslim Mindanao,PH
Davao,PH
Western Visayas,PH
Bicol,PH
Northern Mindanao,PH
Calabarzon,PH
Mimaropa,PH
Caraga,PH
Cagayan Valley,PH
Central Luzon,PH
Soccsksargen,PH
Cordillera,PH
Metro Manila,PH
Eastern Visayas,PH
,PH
Sindh,PK
Azad Kashmir,PK
Balochistan,PK
Khyber Pakhtunkhwa,PK
Punjab,PK
Islamabad,PK
Gilgit-Baltistan,PK
Mazovia,PL
Subcarpathia,PL
Lublin,PL
Podlasie,PL
Lesser Poland,PL
Warmia-Masuria,PL
Lodz Voivodeship,PL
Swietokrzyskie,PL
Silesia,PL
Pomerania,PL
Kujawsko-Pomorskie,PL
Lower Silesia,PL
Greater Poland,PL
West Pomerania,PL
Lubusz,PL
Opole Voivodeship,PL
Saint-Pierre,PM
Miquelon-Langlade,PM
,PN
Adjuntas,PR
Aguada,PR
Aguadilla,PR
Aguas Buenas,PR
Aibonito,PR
Anasco,PR
Arecibo,PR
Arroyo,PR
Barceloneta,PR
Barranquitas,PR
Bayamon,PR
Cabo Rojo,PR
Caguas,PR
Toa Baja,PR
Camuy,PR
Canovanas,PR
Carolina,PR
Catano,PR
Cayey,PR
Ceiba,PR
Vega Alta,PR
Ciales,PR
Cidra,PR
Coamo,PR
Salinas,PR
Comerio,PR
Corozal,PR
Culebra,PR
Dorado,PR
Florida,PR
Fajardo,PR
Guanica,PR
Guayama,PR
Guayanilla,PR
Guaynabo,PR
Gurabo,PR
Hatillo,PR
Hormigueros,PR
Humacao,PR
Vieques,PR
Isabela,PR
Jayuya,PR
Juana Diaz,PR
Juncos,PR
Lajas,PR
Lares,PR
Las Marias,PR
Las Piedras,PR
Loiza,PR
Luquillo,PR
Manati,PR
Maricao,PR
Maunabo,PR
Moca,PR
Morovis,PR
Mayagueez,PR
Naguabo,PR
Naranjito,PR
Orocovis,PR
Toa Alta,PR
Patillas,PR
Penuelas,PR
Ponce,PR
Quebradillas,PR
Rincon,PR
Rio Grande,PR
Sabana Grande,PR
San German,PR
San Juan,PR
San Lorenzo,PR
San Sebastian,PR
Santa Isabel,PR
Trujillo Alto,PR
Utuado,PR
Vega Baja,PR
Villalba,PR
Yabucoa,PR
Yauco,PR
Gaza Strip,PS
West Bank,PS
,PS
Evora,PT
Faro,PT
Santarem,PT
Lisbon,PT
Leiria,PT
Beja,PT
Portalegre,PT
District of Setubal,PT
Castelo Branco,PT
Madeira,PT
Guarda,PT
Viseu,PT
Braganca,PT
Vila Real,PT
Porto,PT
Braga,PT
Viana do Castelo,PT
Aveiro,PT
Coimbra,PT
Azores,PT
Koror,PW
Ngaraard,PW
Melekeok,PW
Ngatpang,PW
Ngaremlengui,PW
Ngchesar,PW
Ngiwal,PW
Ngarchelong,PW
Angaur,PW
Hatohobei,PW
Sonsorol,PW
Kayangel,PW
Peleliu,PW
Airai,PW
Aimeliik,PW
Ngardmau,PW
Central,PY
Paraguari,PY
Guaira,PY
Presidente Hayes,PY
Cordillera,PY
Misiones,PY
Alto Parana,PY
San Pedro,PY
Itapua,PY
Caazapa,PY
Caaguazu,PY
Canindeyu,PY
Neembucu,PY
Amambay,PY
Alto Paraguay,PY
Concepcion,PY
Boqueron,PY
Asuncion,PY
Baladiyat Umm Salal,QA
Al Wakrah,QA
Madinat ash Shamal,QA
Al-Shahaniya,QA
Baladiyat az Za`ayin,QA
Baladiyat ar Rayyan,QA
Al Khor,QA
Baladiyat ad Dawhah,QA
Reunion,RE
Suceava,RO
Vaslui,RO
Alba,RO
Teleorman,RO
Harghita,RO
Bacau,RO
Brasov,RO
Buzau,RO
Neamt,RO
Salaj,RO
Covasna,RO
Hunedoara,RO
Botosani,RO
Ilfov,RO
Iasi,RO
Dambovita,RO
Arad,RO
Braila,RO
Maramures,RO
Mehedinti,RO
Vrancea,RO
Cluj,RO
Giurgiu,RO
Calarasi,RO
Timis,RO
Prahova,RO
Constanta,RO
Dolj,RO
Bihor,RO
Ialomita,RO
Mures,RO
Galati,RO
Satu Mare,RO
Gorj,RO
Tulcea,RO
Arges,RO
Bistrita-Nasaud,RO
Sibiu,RO
Olt,RO
Valcea,RO
Caras-Severin,RO
Bucuresti,RO
Central Serbia,RS
Vojvodina,RS
Tver' Oblast,RU
St.-Petersburg,RU
Ryazan Oblast,RU
Voronezj,RU
Vladimir,RU
Moscow,RU
Rostov,RU
Mariy-El Republic,RU
Moscow Oblast,RU
Kirov,RU
Mordoviya Republic,RU
Chechnya,RU
Orel Oblast,RU
Tambov,RU
North Ossetia,RU
Bryansk Oblast,RU
Chelyabinsk,RU
Bashkortostan Republic,RU
Kaluga,RU
Volgograd Oblast,RU
Samara Oblast,RU
Komi,RU
Stavropol' Kray,RU
Kursk,RU
Penza,RU
Kaliningrad,RU
Tatarstan Republic,RU
Murmansk,RU
Karachayevo-Cherkesiya Republic,RU
Kabardino-Balkariya Republic,RU
Nizhny Novgorod Oblast,RU
Ivanovo,RU
Tula,RU
Lipetsk Oblast,RU
Dagestan,RU
Perm,RU
Krasnodarskiy,RU
Saratovskaya Oblast,RU
Astrakhan,RU
Arkhangelskaya,RU
Smolenskaya Oblast',RU
Orenburg Oblast,RU
Kalmykiya Republic,RU
Yaroslavl Oblast,RU
Udmurtiya Republic,RU
Chuvashia,RU
Adygeya Republic,RU
Vologda,RU
Leningradskaya Oblast',RU
Ingushetiya Republic,RU
Belgorod Oblast,RU
Kostroma Oblast,RU
Ulyanovsk,RU
Sverdlovsk,RU
Pskov Oblast,RU
Novgorod Oblast,RU
Karelia,RU
Nenets,RU
Kemerovo Oblast,RU
Tomsk Oblast,RU
Krasnoyarskiy,RU
Omsk,RU
Altai Krai,RU
Novosibirsk Oblast,RU
Tyumen' Oblast,RU
Irkutsk Oblast,RU
Kurgan Oblast,RU
Khakasiya Republic,RU
Yamalo-Nenets,RU
Khanty-Mansia,RU
Altai,RU
Republic of Tyva,RU
Transbaikal Territory,RU
Sakha,RU
Amur Oblast,RU
Primorskiy (Maritime) Kray,RU
Buryatiya Republic,RU
Khabarovsk,RU
Jewish Autonomous Oblast,RU
Kamchatka,RU
Sakhalin Oblast,RU
Magadan Oblast,RU
Chukotka,RU
Eastern Province,RW
Northern Province,RW
Southern Province,RW
Kigali,RW
Western Province,RW
Medina Region,SA
Tabuk Region,SA
Eastern Province,SA
Northern Borders Region,SA
Mecca Region,SA
Al-Qassim Region,SA
Al Jawf Region,SA
'Asir Region,SA
Jazan Region,SA
Najran Region,SA
Riyadh Region,SA
Ha'il Region,SA
Al Bahah Region,SA
Central Province,SB
Guadalcanal,SB
Honiara,SB
Western Province,SB
Isabel,SB
Malaita,SB
Temotu,SB
Makira,SB
Choiseul,SB
English River,SC
Takamaka,SC
Port Glaud,SC
Cascade,SC
Bel Ombre,SC
Beau Vallon,SC
Anse Royale,SC
Anse Boileau,SC
La Digue,SC
Northern State,SD
Central Darfur,SD
Kassala,SD
Al Jazirah,SD
White Nile,SD
North Kordofan,SD
Northern Darfur,SD
Khartoum,SD
Red Sea,SD
Southern Kordofan,SD
Sinnar,SD
River Nile,SD
Southern Darfur,SD
Blue Nile,SD
Al Qadarif,SD
West Kordofan State,SD
Western Darfur,SD
Eastern Darfur,SD
Vaesterbotten,SE
Norrbotten,SE
Skane,SE
Gotland,SE
Kalmar,SE
Joenkoeping,SE
Kronoberg,SE
Vaestra Goetaland,SE
Vaestmanland,SE
Stockholm,SE
Halland,SE
Gaevleborg,SE
OEstergoetland,SE
Uppsala,SE
Soedermanland,SE
Vaesternorrland,SE
Vaermland,SE
Blekinge,SE
Dalarna,SE
Jaemtland,SE
OErebro,SE
,SG
Ascension,SH
Tristan da Cunha,SH
Saint Helena,SH
Zuzemberk,SI
Ziri,SI
Jezersko,SI
Gorje,SI
Kungota,SI
Hajdina,SI
Zetale,SI
Zelezniki,SI
Zavrc,SI
Zalec,SI
Zagorje ob Savi,SI
Vuzenica,SI
Vrhnika,SI
Vransko,SI
Vojnik,SI
Vodice,SI
Sveti Andraz v Slovenskih Goricah,SI
Vitanje,SI
Vipava,SI
Dobrepolje,SI
Verzej,SI
Velike Lasce,SI
Velika Polana,SI
Turnisce,SI
Trzin,SI
Trzic,SI
Trnovska Vas,SI
Trebnje,SI
Trbovlje,SI
Sveti Tomaz,SI
Tolmin,SI
Velenje,SI
Tisina,SI
Tabor,SI
Sveta Ana,SI
Store,SI
Starse,SI
Sredisce ob Dravi,SI
Duplek,SI
Hoce-Slivnica,SI
Sostanj,SI
Solcava,SI
Sodrazica,SI
Smartno pri Litiji,SI
Smartno ob Paki,SI
Smarjeske Toplice,SI
Smarje pri Jelsah,SI
Slovenska Konjice,SI
Slovenska Bistrica,SI
Slovenj Gradec,SI
Skofljica,SI
Skofja Loka,SI
Skocjan,SI
Sezana,SI
Sevnica,SI
Sentrupert,SI
Sentjur,SI
Sentjernej,SI
Sentilj,SI
Sencur,SI
Sempeter-Vrtojba,SI
Semic,SI
Salovci,SI
Ruse,SI
Rogatec,SI
Rogasovci,SI
Rogaska Slatina,SI
Ribnica na Pohorju,SI
Ribnica,SI
Recica ob Savinji,SI
Ravne na Koroskem,SI
Radovljica,SI
Radlje ob Dravi,SI
Radenci,SI
Radece,SI
Race-Fram,SI
Puconci,SI
Ptuj,SI
Prevalje,SI
Preddvor,SI
Prebold,SI
Postojna,SI
Polzela,SI
Poljcane,SI
Podvelka,SI
Podlehnik,SI
Podcetrtek,SI
Pivka,SI
Piran-Pirano,SI
Pesnica,SI
Osilnica,SI
Ormoz,SI
Oplotnica,SI
Odranci,SI
Novo Mesto,SI
Bloke,SI
Nova Gorica,SI
Naklo,SI
Muta,SI
Murska Sobota,SI
Mozirje,SI
Moravske Toplice,SI
Moravce,SI
Mokronog-Trebelno,SI
Mislinja,SI
Mirna Pec,SI
Mirna,SI
Miren-Kostanjevica,SI
Miklavz na Dravskem Polju,SI
Mezica,SI
Metlika,SI
Menges,SI
Medvode,SI
Markovci,SI
Maribor,SI
Makole,SI
Majsperk,SI
Lukovica,SI
Luce,SI
Lovrenc na Pohorju,SI
Ljutomer,SI
Ljubno,SI
Ljubljana,SI
Litija,SI
Lendava-Lendva,SI
Lenart,SI
Lasko,SI
Kuzma,SI
Krsko,SI
Krizevci,SI
Kranjska Gora,SI
Kranj,SI
Kozje,SI
Kostanjevica na Krki,SI
Koper-Capodistria,SI
Komen,SI
Kocevje,SI
Kobilje,SI
Kobarid,SI
Kidricevo,SI
Kanal,SI
Kamnik,SI
Jursinci,SI
Sveti Jurij v Slovenskih Goricah,SI
Sveti Jurij,SI
Jesenice,SI
Izola-Isola,SI
Ivancna Gorica,SI
Ilirska Bistrica,SI
Ig,SI
Idrija,SI
Loski Potok,SI
Hrastnik,SI
Horjul,SI
Hodos-Hodos,SI
Grosuplje,SI
Sv. Trojica v Slov. Goricah,SI
Grad,SI
Gornji Petrovci,SI
Gornji Grad,SI
Gornja Radgona,SI
Gorisnica,SI
Gorenja Vas-Poljane,SI
Straza,SI
Dravograd,SI
Log-Dragomer,SI
Dornava,SI
Domzale,SI
Dol pri Ljubljani,SI
Dolenjske Toplice,SI
Brda,SI
Dobrovnik-Dobronak,SI
Dobrova-Horjul-Polhov Gradec,SI
Dobrna,SI
Dobje,SI
Divaca,SI
Destrnik,SI
Crnomelj,SI
Crna na Koroskem,SI
Crensovci,SI
Cerkvenjak,SI
Cerknica,SI
Cerklje na Gorenjskem,SI
Celje,SI
Cankova,SI
Brezovica,SI
Brezice,SI
Braslovce,SI
Bovec,SI
Borovnica,SI
Bohinj,SI
Bled,SI
Bistrica ob Sotli,SI
Benedikt,SI
Beltinci,SI
Apace,SI
Ajdovscina,SI
Razkrizje,SI
Cerkno,SI
Loska Dolina,SI
Logatec,SI
Ankaran,SI
Videm,SI
Zrece,SI
Selnica ob Dravi,SI
Cirkulane,SI
Komenda,SI
Nazarje,SI
Kostel,SI
Svalbard,SJ
Jan Mayen,SJ
Presovsky kraj,SK
Kosicky kraj,SK
Banskobystricky kraj,SK
Nitriansky kraj,SK
Zilinsky kraj,SK
Trnava,SK
Trenciansky kraj,SK
Bratislavsky Kraj,SK
Eastern Province,SL
Western Area,SL
Northern Province,SL
Southern Province,SL
North West,SL
Serravalle,SM
San Marino,SM
Chiesanuova,SM
Montegiardino,SM
Fiorentino,SM
Faetano,SM
Domagnano,SM
Borgo Maggiore,SM
Acquaviva,SM
Ziguinchor,SN
Kolda,SN
Diourbel,SN
Thies,SN
Tambacounda,SN
Fatick,SN
Matam,SN
Sedhiou,SN
Saint-Louis,SN
Dakar,SN
Kaolack,SN
Louga,SN
Kaffrine,SN
Kedougou,SN
Bakool,SO
Lower Shabeelle,SO
Middle Juba,SO
Bari,SO
Togdheer,SO
Banaadir,SO
Middle Shabele,SO
Gedo,SO
Sanaag,SO
Lower Juba,SO
Hiiraan,SO
Mudug,SO
Woqooyi Galbeed,SO
Nugaal,SO
Bay,SO
Galguduud,SO
Sool,SO
Awdal,SO
Coronie,SR
Paramaribo,SR
Para,SR
Nickerie,SR
Commewijne,SR
Marowijne,SR
Wanica,SR
Saramacca,SR
Brokopondo,SR
Lakes,SS
Central Equatoria,SS
Western Equatoria,SS
Northern Bahr al Ghazal,SS
Western Bahr al Ghazal,SS
Eastern Equatoria,SS
Warrap,SS
Upper Nile,SS
Unity,SS
Jonglei,SS
Sao Tome Island,ST
Principe,ST
La Libertad,SV
La Paz,SV
Usulutan,SV
San Salvador,SV
Ahuachapan,SV
Cuscatlan,SV
Sonsonate,SV
Cabanas,SV
San Vicente,SV
La Union,SV
Santa Ana,SV
San Miguel,SV
Morazan,SV
Chalatenango,SV
,SX
Rif-dimashq,SY
Hama,SY
Tartus,SY
Aleppo,SY
Homs,SY
Daraa,SY
Deir ez-Zor,SY
As-Suwayda,SY
Idlib,SY
Latakia,SY
Dimashq,SY
Al-Hasakah,SY
Quneitra,SY
Ar-Raqqah,SY
Lubombo,SZ
Hhohho,SZ
Shiselweni,SZ
Manzini,SZ
,TC
Sila,TD
Ennedi-Ouest,TD
Wadi Fira,TD
Salamat,TD
Ouadai,TD
Moyen-Chari,TD
Mayo-Kebbi Ouest,TD
Batha,TD
Chari-Baguirmi,TD
N'Djamena,TD
Barh el Gazel,TD
Logone Occidental,TD
Guera,TD
Mandoul,TD
Hadjer-Lamis,TD
Kanem,TD
Tandjile,TD
Mayo-Kebbi Est,TD
Borkou,TD
Logone Oriental,TD
Lac,TD
Tibesti,TD
Ennedi-Est,TD
Kerguelen,TF
Maritime,TG
Centrale,TG
Plateaux,TG
Kara,TG
Savanes,TG
Surat Thani,TH
Nakhon Si Thammarat,TH
Phuket,TH
Prachuap Khiri Khan,TH
Phetchaburi,TH
Phayao,TH
Trang,TH
Lampang,TH
Uthai Thani,TH
Kanchanaburi,TH
Tak,TH
Sukhothai,TH
Chiang Mai,TH
Ratchaburi,TH
Ranong,TH
Phang Nga,TH
Lamphun,TH
Chiang Rai,TH
Mae Hong Son,TH
Phrae,TH
Nakhon Sawan,TH
Kamphaeng Phet,TH
Chumphon,TH
Krabi,TH
Kalasin,TH
Udon Thani,TH
Songkhla,TH
Nakhon Ratchasima,TH
Samut Prakan,TH
Nong Bua Lam Phu,TH
Yasothon,TH
Pattani,TH
Yala,TH
Ang Thong,TH
Phetchabun,TH
Ubon Ratchathani,TH
Maha Sarakham,TH
Loei,TH
Phra Nakhon Si Ayutthaya,TH
Sa Kaeo,TH
Phichit,TH
Uttaradit,TH
Trat,TH
Nakhon Phanom,TH
Chanthaburi,TH
Nong Khai,TH
Narathiwat,TH
Roi Et,TH
Surin,TH
Suphanburi,TH
Si Sa Ket,TH
Chon Buri,TH
Sing Buri,TH
Bueng Kan,TH
Sakon Nakhon,TH
Satun,TH
Buriram,TH
Saraburi,TH
Samut Songkhram,TH
Samut Sakhon,TH
Nakhon Pathom,TH
Rayong,TH
Prachin Buri,TH
Chaiyaphum,TH
Khon Kaen,TH
Phitsanulok,TH
Phatthalung,TH
Chachoengsao,TH
Pathum Thani,TH
Nonthaburi,TH
Nan,TH
Nakhon Nayok,TH
Mukdahan,TH
Lopburi,TH
Bangkok,TH
Chai Nat,TH
Amnat Charoen,TH
Khatlon,TJ
Sughd,TJ
Republican Subordination,TJ
Gorno-Badakhshan,TJ
Dushanbe,TJ
Fakaofo,TK
Nukunonu,TK
Atafu,TK
Viqueque,TL
Cova Lima,TL
Manufahi,TL
Oecusse,TL
Liquica,TL
Manatuto,TL
Bobonaro,TL
Dili,TL
Baucau,TL
Ainaro,TL
Aileu,TL
Lautem,TL
Ermera,TL
Balkan,TM
Ahal,TM
Ashgabat,TM
Dasoguz,TM
Mary,TM
Lebap,TM
,TM
Al Munastir,TN
Nabul,TN
Zaghwan,TN
Manouba,TN
Tunis,TN
Tawzar,TN
Tataouine,TN
Bajah,TN
Al Qasrayn,TN
Kef,TN
Jundubah,TN
Susah,TN
Silyanah,TN
Al Mahdiyah,TN
Sidi Bu Zayd,TN
Banzart,TN
Safaqis,TN
Bin 'Arus,TN
Qibili,TN
Ariana,TN
Gafsa,TN
Qabis,TN
Madanin,TN
Kairouan,TN
Ha`apai,TO
'Eua,TO
Tongatapu,TO
Vava`u,TO
Niuas,TO
Antalya,TR
Sivas,TR
Konya,TR
Hakkari,TR
Diyarbakir,TR
Yozgat,TR
Mardin,TR
Malatya,TR
Burdur,TR
Hatay,TR
Kayseri,TR
Isparta,TR
Aydin,TR
Ankara,TR
Gaziantep,TR
Mugla,TR
Sanliurfa,TR
Mus,TR
Van,TR
Erzincan,TR
Usak,TR
Izmir,TR
Nevsehir,TR
Sirnak,TR
Adiyaman,TR
Manisa,TR
Tunceli,TR
Adana,TR
Osmaniye,TR
Mersin,TR
Erzurum,TR
Kuetahya,TR
Denizli,TR
Bitlis,TR
Agri,TR
Balikesir,TR
Afyonkarahisar,TR
Bingoel,TR
Eskisehir,TR
Elazig,TR
Siirt,TR
Batman,TR
Aksaray,TR
Karaman,TR
Bilecik,TR
Kahramanmaras,TR
Bursa,TR
Nigde,TR
Kirsehir,TR
Kirikkale,TR
Kilis,TR
Igdir,TR
Canakkale,TR
Zonguldak,TR
Tokat,TR
Istanbul,TR
Kocaeli,TR
Artvin,TR
Trabzon,TR
Bolu,TR
Cankiri,TR
Yalova,TR
Samsun,TR
Kirklareli,TR
Tekirdag,TR
Edirne,TR
Ordu,TR
Corum,TR
Sinop,TR
Kastamonu,TR
Giresun,TR
Amasya,TR
Sakarya,TR
Gumushane,TR
Kars,TR
Karabuk,TR
Rize,TR
Ardahan,TR
Duzce,TR
Bayburt,TR
Bartin,TR
Tunapuna/Piarco,TT
Siparia,TT
Tobago,TT
Sangre Grande,TT
San Fernando,TT
Mayaro,TT
Princes Town,TT
Port of Spain,TT
Point Fortin,TT
Diego Martin,TT
Penal/Debe,TT
San Juan/Laventille,TT
Couva-Tabaquite-Talparo,TT
Chaguanas,TT
Borough of Arima,TT
Nanumanga,TV
Nui,TV
Niutao,TV
Funafuti,TV
Vaitupu,TV
Nukufetau,TV
Taiwan,TW
Taipei,TW
Takao,TW
Fukien,TW
Zanzibar Urban/West,TZ
Pemba North,TZ
Songwe,TZ
Pwani,TZ
Geita,TZ
Kigoma,TZ
Tabora,TZ
Katavi,TZ
Mwanza,TZ
Arusha,TZ
Mbeya,TZ
Shinyanga,TZ
Mara,TZ
Tanga,TZ
Rukwa,TZ
Simiyu,TZ
Zanzibar Central/South,TZ
Singida,TZ
Kilimanjaro,TZ
Kagera,TZ
Njombe,TZ
Morogoro,TZ
Manyara,TZ
Pemba South,TZ
Dodoma,TZ
Zanzibar North,TZ
Iringa,TZ
Ruvuma,TZ
Dar es Salaam,TZ
Lindi,TZ
Mtwara,TZ
Sumy,UA
Lviv Oblast,UA
Donetsk Oblast,UA
Zaporizhzhya Oblast,UA
Cherkasy Oblast,UA
Crimea,UA
Luhansk,UA
Kharkiv,UA
Kirovohrad Oblast,UA
Zhytomyr,UA
Vinnytsya Oblast,UA
Dnipropetrovsk Oblast,UA
Poltava Oblast,UA
Kherson Oblast,UA
Rivne,UA
Ternopil Oblast,UA
Chernivtsi Oblast,UA
Odessa,UA
Transcarpathia,UA
Khmelnytskyi Oblast,UA
Kiev,UA
Mykolayiv Oblast,UA
Volyn,UA
Ivano-Frankivsk Oblast,UA
Chernihiv,UA
Sevastopol City,UA
Kyiv City,UA
Northern Region,UG
Central Region,UG
Eastern Region,UG
Western Region,UG
Alabama,US
Texas,US
Virginia,US
Florida,US
Kentucky,US
Louisiana,US
Maryland,US
Ohio,US
South Carolina,US
Arkansas,US
"Washington, D.C.",US
Delaware,US
Georgia,US
Illinois,US
Indiana,US
Kansas,US
Missouri,US
Mississippi,US
North Carolina,US
New Jersey,US
Oklahoma,US
Pennsylvania,US
Tennessee,US
West Virginia,US
Connecticut,US
Massachusetts,US
Maine,US
Michigan,US
New York,US
Iowa,US
Minnesota,US
North Dakota,US
Nebraska,US
New Hampshire,US
Rhode Island,US
South Dakota,US
Vermont,US
Wisconsin,US
Arizona,US
California,US
Colorado,US
New Mexico,US
Nevada,US
Utah,US
Idaho,US
Alaska,US
Washington,US
Montana,US
Oregon,US
Wyoming,US
Hawaii,US
Rio Negro,UY
Flores,UY
Treinta y Tres,UY
Rivera,UY
Colonia,UY
Tacuarembo,UY
Canelones,UY
Florida,UY
Durazno,UY
San Jose,UY
Maldonado,UY
Salto,UY
Rocha,UY
Cerro Largo,UY
Paysandu,UY
Montevideo,UY
Lavalleja,UY
Soriano,UY
Artigas,UY
Karakalpakstan,UZ
Jizzax,UZ
Qashqadaryo,UZ
Samarqand,UZ
Surxondaryo,UZ
Fergana,UZ
Bukhara,UZ
Toshkent,UZ
Sirdaryo Region,UZ
Navoiy,UZ
Namangan,UZ
Xorazm,UZ
Tashkent,UZ
Andijon,UZ
,UZ
,VA
Grenadines,VC
Saint Andrew,VC
Saint George,VC
Charlotte,VC
Saint David,VC
Saint Patrick,VC
Nueva Esparta,VE
Anzoategui,VE
Barinas,VE
Merida,VE
Guarico,VE
Yaracuy,VE
Sucre,VE
Aragua,VE
Portuguesa,VE
Trujillo,VE
Carabobo,VE
Tachira,VE
Bolivar,VE
Delta Amacuro,VE
Falcon,VE
Cojedes,VE
Zulia,VE
Monagas,VE
Miranda,VE
Amazonas,VE
Lara,VE
Vargas,VE
Apure,VE
Distrito Federal,VE
,VG
Saint Thomas Island,VI
Saint John Island,VI
Saint Croix Island,VI
Nghe An,VN
Yen Bai,VN
Hanoi,VN
Ba Ria-Vung Tau,VN
Hau Giang,VN
Vinh Phuc,VN
Vinh Long,VN
Soc Trang,VN
Phu Tho,VN
Quang Ninh,VN
Phu Yen,VN
Tuyen Quang,VN
Tra Vinh,VN
Quang Nam,VN
Binh Duong,VN
Can Tho,VN
Ho Chi Minh,VN
Thanh Hoa,VN
Thai Nguyen,VN
Thai Binh,VN
Tay Ninh Province,VN
Long An,VN
Son La,VN
Lao Cai,VN
Dong Thap,VN
Kien Giang,VN
Binh Dinh,VN
Quang Ngai Province,VN
Gia Lai,VN
Ha Nam,VN
Binh Thuan,VN
Ninh Thuan,VN
Khanh Hoa,VN
Ninh Binh,VN
Nam Dinh,VN
Tien Giang,VN
Dien Bien,VN
An Giang,VN
Lang Son,VN
Kon Tum,VN
Hung Yen,VN
Thua Thien-Hue,VN
Binh Phuoc,VN
Hoa Binh,VN
Ha Tinh,VN
Haiphong,VN
Hai Duong,VN
Ha Giang,VN
Dak Nong,VN
Lam Dong,VN
Quang Binh,VN
Quang Tri,VN
Da Nang,VN
Cao Bang,VN
Ca Mau,VN
GJak Lak,VN
Dong Nai,VN
Ben Tre,VN
Bac Ninh,VN
Bac Lieu,VN
Bac Giang,VN
Bac Kan,VN
Lai Chau,VN
Torba,VU
Shefa,VU
Sanma,VU
Malampa,VU
Tafea,VU
Penama,VU
Sigave,WF
Uvea,WF
Alo,WF
Palauli,WS
Satupa`itea,WS
Va`a-o-Fonoti,WS
Fa`asaleleaga,WS
Gagaifomauga,WS
Aiga-i-le-Tai,WS
Atua,WS
A'ana,WS
Tuamasaga,WS
Vaisigano,WS
Mitrovica,XK
Gjilan,XK
Ferizaj,XK
Prizren,XK
Pristina,XK
Pec,XK
Gjakova,XK
Abyan,YE
Al Hudaydah,YE
Ibb,YE
Ta'izz,YE
Sanaa,YE
Amanat Alasimah,YE
Sa'dah,YE
Ma'rib,YE
Lahij,YE
Hajjah,YE
Soqatra,YE
Dhamar,YE
Shabwah,YE
Omran,YE
Muhafazat Hadramaout,YE
Al Mahwit,YE
Al Jawf,YE
Al Mahrah,YE
Al Bayda,YE
Ad Dali',YE
Raymah,YE
Aden,YE
Pamandzi,YT
Mamoudzou,YT
Dzaoudzi,YT
Dembeni,YT
Acoua,YT
Bandraboua,YT
Mtsamboro,YT
M'Tsangamouji,YT
Tsingoni,YT
Koungou,YT
Ouangani,YT
Chiconi,YT
Sada,YT
Bandrele,YT
Chirongui,YT
Boueni,YT
Kani-Keli,YT
Gauteng,ZA
North-West,ZA
Orange Free State,ZA
Mpumalanga,ZA
Eastern Cape,ZA
Northern Cape,ZA
Limpopo,ZA
KwaZulu-Natal,ZA
Western Cape,ZA
Luapula,ZM
Muchinga,ZM
Northern,ZM
North-Western,ZM
Southern,ZM
Western,ZM
Central,ZM
Eastern,ZM
Copperbelt,ZM
Lusaka,ZM
Masvingo,ZW
Matabeleland North,ZW
Midlands,ZW
Mashonaland Central,ZW
Mashonaland East,ZW
Manicaland,ZW
Mashonaland West,ZW
Harare,ZW
Matabeleland South,ZW
Bulawayo,ZW
